Date mutation,Valeur fonciere,Code postal,Code departement,Code commune,Code type local,Surface reelle bati,Nombre pieces principales,Commune
07/01/2020,8000.0,1250,1,72,,,,CEYZERIAT
02/01/2020,2175.0,1290,1,203,,,,LAIZ
02/01/2020,2175.0,1290,1,203,,,,LAIZ
02/01/2020,2175.0,1290,1,203,,,,LAIZ
02/01/2020,2175.0,1290,1,203,,,,LAIZ
02/01/2020,2175.0,1290,1,203,,,,LAIZ
07/01/2020,75000.0,1960,1,289,,,,PERONNAS
07/01/2020,123.0,1370,1,426,,,,VAL-REVERMONT
07/01/2020,123.0,1370,1,426,,,,VAL-REVERMONT
09/01/2020,72000.0,1270,1,108,,,,COLIGNY
09/01/2020,72000.0,1270,1,108,,,,COLIGNY
09/01/2020,72000.0,1270,1,108,1,35,2,COLIGNY
10/01/2020,64000.0,1960,1,289,,,,PERONNAS
06/01/2020,180300.0,1000,1,53,1,75,4,BOURG-EN-BRESSE
06/01/2020,54800.0,1000,1,53,2,32,1,BOURG-EN-BRESSE
03/01/2020,350750.0,1000,1,344,,,,SAINT-DENIS-LES-BOURG
03/01/2020,350750.0,1000,1,344,1,201,7,SAINT-DENIS-LES-BOURG
03/01/2020,350750.0,1000,1,344,1,201,7,SAINT-DENIS-LES-BOURG
03/01/2020,350750.0,1000,1,344,3,0,0,SAINT-DENIS-LES-BOURG
03/01/2020,350750.0,1000,1,344,3,0,0,SAINT-DENIS-LES-BOURG
03/01/2020,350750.0,1000,1,344,,,,SAINT-DENIS-LES-BOURG
10/01/2020,1.0,1440,1,451,,,,VIRIAT
10/01/2020,53650.0,1270,1,108,2,50,2,COLIGNY
10/01/2020,53650.0,1270,1,108,2,45,2,COLIGNY
13/01/2020,97000.0,1000,1,53,2,92,3,BOURG-EN-BRESSE
09/01/2020,215000.0,1250,1,422,1,93,4,TOSSIAT
09/01/2020,215000.0,1250,1,422,,,,TOSSIAT
13/01/2020,179210.0,1310,1,264,1,90,5,MONTRACOL
13/01/2020,179210.0,1310,1,264,1,90,5,MONTRACOL
13/01/2020,179210.0,1310,1,264,1,90,5,MONTRACOL
13/01/2020,179210.0,1310,1,264,,,,MONTRACOL
13/01/2020,179210.0,1310,1,264,,,,MONTRACOL
13/01/2020,179210.0,1310,1,264,,,,MONTRACOL
09/01/2020,264450.0,1310,1,385,1,111,5,SAINT-REMY
07/01/2020,96000.0,1000,1,53,3,0,0,BOURG-EN-BRESSE
07/01/2020,96000.0,1000,1,53,2,74,3,BOURG-EN-BRESSE
08/01/2020,269000.0,1240,1,69,1,287,9,CERTINES
08/01/2020,269000.0,1240,1,69,,,,CERTINES
09/01/2020,65000.0,1960,1,336,,,,SAINT-ANDRE-SUR-VIEUX-JONC
09/01/2020,600.0,1000,1,344,,,,SAINT-DENIS-LES-BOURG
03/01/2020,11734.8,1440,1,451,,,,VIRIAT
03/01/2020,11734.8,1440,1,451,,,,VIRIAT
03/01/2020,11734.8,1440,1,451,,,,VIRIAT
03/01/2020,11734.8,1440,1,451,,,,VIRIAT
03/01/2020,11734.8,1440,1,451,,,,VIRIAT
03/01/2020,11734.8,1440,1,451,,,,VIRIAT
03/01/2020,11734.8,1440,1,451,,,,VIRIAT
09/01/2020,99000.0,1000,1,53,2,91,4,BOURG-EN-BRESSE
10/01/2020,235600.0,1370,1,241,1,97,4,MEILLONNAS
15/01/2020,6500.0,1190,1,94,,,,CHAVANNES-SUR-REYSSOUZE
15/01/2020,6500.0,1190,1,94,,,,CHAVANNES-SUR-REYSSOUZE
15/01/2020,6500.0,1190,1,94,,,,CHAVANNES-SUR-REYSSOUZE
15/01/2020,6500.0,1190,1,94,,,,CHAVANNES-SUR-REYSSOUZE
15/01/2020,6500.0,1190,1,94,,,,CHAVANNES-SUR-REYSSOUZE
13/01/2020,165000.0,1290,1,365,1,87,2,SAINT-JEAN-SUR-VEYLE
08/01/2020,150000.0,1340,1,229,,,,MALAFRETAZ
08/01/2020,150000.0,1340,1,229,3,0,0,MALAFRETAZ
08/01/2020,150000.0,1340,1,229,2,78,3,MALAFRETAZ
08/01/2020,150000.0,1340,1,229,3,0,0,MALAFRETAZ
08/01/2020,150000.0,1340,1,229,2,135,5,MALAFRETAZ
08/01/2020,70000.0,1000,1,53,2,45,2,BOURG-EN-BRESSE
10/01/2020,119270.0,1560,1,124,1,80,3,CORMOZ
10/01/2020,119270.0,1560,1,124,1,80,3,CORMOZ
14/01/2020,57000.0,1270,1,445,1,61,4,VILLEMOTIER
14/01/2020,89000.0,1340,1,24,,,,ATTIGNAT
14/01/2020,89000.0,1340,1,24,,,,ATTIGNAT
13/01/2020,185000.0,1160,1,304,1,107,4,PONT-D AIN
10/01/2020,132900.0,1190,1,94,1,95,3,CHAVANNES-SUR-REYSSOUZE
10/01/2020,132900.0,1190,1,94,,,,CHAVANNES-SUR-REYSSOUZE
10/01/2020,150000.0,1000,1,53,1,112,6,BOURG-EN-BRESSE
10/01/2020,150000.0,1000,1,53,3,0,0,BOURG-EN-BRESSE
10/01/2020,150000.0,1000,1,53,3,0,0,BOURG-EN-BRESSE
10/01/2020,150000.0,1000,1,53,3,0,0,BOURG-EN-BRESSE
15/01/2020,167330.0,1160,1,314,2,150,5,PRIAY
15/01/2020,167330.0,1160,1,314,,,,PRIAY
09/01/2020,85000.0,1250,1,125,1,90,4,CORVEISSIAT
09/01/2020,85000.0,1250,1,125,1,80,3,CORVEISSIAT
07/01/2020,143000.0,1750,1,370,2,78,3,SAINT-LAURENT-SUR-SAONE
10/01/2020,125000.0,1000,1,53,1,95,3,BOURG-EN-BRESSE
07/01/2020,55000.0,1290,1,123,,,,CORMORANCHE-SUR-SAONE
13/01/2020,222950.0,1750,1,320,,,,REPLONGES
13/01/2020,222950.0,1750,1,320,,,,REPLONGES
13/01/2020,222950.0,1750,1,320,1,133,6,REPLONGES
13/01/2020,222950.0,1750,1,320,1,133,6,REPLONGES
13/01/2020,222950.0,1750,1,320,,,,REPLONGES
17/01/2020,240000.0,1370,1,426,1,165,6,VAL-REVERMONT
17/01/2020,240000.0,1370,1,426,1,165,6,VAL-REVERMONT
06/01/2020,70000.0,1160,1,304,1,120,4,PONT-D AIN
15/01/2020,224000.0,1370,1,350,1,101,5,SAINT-ETIENNE-DU-BOIS
13/01/2020,135000.0,1160,1,273,,,,NEUVILLE-SUR-AIN
13/01/2020,135000.0,1160,1,273,4,401,0,NEUVILLE-SUR-AIN
10/01/2020,147000.0,1270,1,445,,,,VILLEMOTIER
10/01/2020,147000.0,1270,1,445,1,62,2,VILLEMOTIER
10/01/2020,147000.0,1270,1,445,1,72,3,VILLEMOTIER
09/01/2020,10.0,1340,1,196,,,,JAYAT
09/01/2020,74990.0,1340,1,196,1,107,3,JAYAT
09/01/2020,74990.0,1340,1,196,,,,JAYAT
15/01/2020,208850.0,1960,1,405,1,120,6,SERVAS
16/01/2020,154816.0,1560,1,388,1,127,4,SAINT-TRIVIER-DE-COURTES
16/01/2020,154816.0,1560,1,388,,,,SAINT-TRIVIER-DE-COURTES
16/01/2020,154816.0,1560,1,388,,,,SAINT-TRIVIER-DE-COURTES
17/01/2020,160000.0,1190,1,402,,,,SERMOYER
17/01/2020,85000.0,1340,1,266,1,120,5,MONTREVEL-EN-BRESSE
07/01/2020,210000.0,1380,1,25,1,92,5,BAGE-DOMMARTIN
07/01/2020,210000.0,1380,1,25,,,,BAGE-DOMMARTIN
07/01/2020,210000.0,1380,1,25,,,,BAGE-DOMMARTIN
17/01/2020,268200.0,1570,1,159,1,114,5,FEILLENS
17/01/2020,268200.0,1570,1,159,1,114,5,FEILLENS
21/01/2020,685.0,1250,1,95,,,,NIVIGNE ET SURAN
21/01/2020,685.0,1250,1,95,,,,NIVIGNE ET SURAN
21/01/2020,685.0,1250,1,95,,,,NIVIGNE ET SURAN
21/01/2020,685.0,1250,1,95,,,,NIVIGNE ET SURAN
21/01/2020,685.0,1250,1,95,,,,NIVIGNE ET SURAN
21/01/2020,685.0,1250,1,95,,,,NIVIGNE ET SURAN
21/01/2020,685.0,1250,1,95,,,,NIVIGNE ET SURAN
21/01/2020,685.0,1250,1,95,,,,NIVIGNE ET SURAN
21/01/2020,685.0,1250,1,95,,,,NIVIGNE ET SURAN
21/01/2020,685.0,1250,1,95,,,,NIVIGNE ET SURAN
21/01/2020,685.0,1250,1,95,,,,NIVIGNE ET SURAN
21/01/2020,615.0,1250,1,95,,,,NIVIGNE ET SURAN
20/01/2020,251500.0,1440,1,451,1,130,5,VIRIAT
20/01/2020,251500.0,1440,1,451,,,,VIRIAT
20/01/2020,251500.0,1440,1,451,,,,VIRIAT
16/01/2020,101300.0,1960,1,289,3,0,0,PERONNAS
16/01/2020,101300.0,1960,1,289,2,72,4,PERONNAS
21/01/2020,87720.0,1000,1,344,2,56,3,SAINT-DENIS-LES-BOURG
17/01/2020,280.0,1570,1,23,,,,ASNIERES-SUR-SAONE
17/01/2020,280.0,1570,1,23,,,,ASNIERES-SUR-SAONE
13/01/2020,1000.0,1380,1,25,,,,BAGE-DOMMARTIN
13/01/2020,1000.0,1380,1,25,,,,BAGE-DOMMARTIN
13/01/2020,1000.0,1380,1,25,,,,BAGE-DOMMARTIN
13/01/2020,1000.0,1380,1,25,,,,BAGE-DOMMARTIN
13/01/2020,1000.0,1380,1,25,,,,BAGE-DOMMARTIN
13/01/2020,1000.0,1380,1,25,,,,BAGE-DOMMARTIN
15/01/2020,277400.0,1000,1,344,,,,SAINT-DENIS-LES-BOURG
15/01/2020,277400.0,1000,1,344,1,107,5,SAINT-DENIS-LES-BOURG
15/01/2020,277400.0,1000,1,344,1,107,5,SAINT-DENIS-LES-BOURG
10/01/2020,90000.0,1240,1,211,,,,LENT
22/01/2020,62710.0,1370,1,38,,,,BENY
22/01/2020,62710.0,1370,1,38,1,91,2,BENY
17/01/2020,140000.0,1380,1,25,,,,BAGE-DOMMARTIN
17/01/2020,140000.0,1380,1,25,1,122,6,BAGE-DOMMARTIN
17/01/2020,140000.0,1380,1,25,1,122,6,BAGE-DOMMARTIN
22/01/2020,69000.0,1960,1,289,,,,PERONNAS
06/01/2020,18400.0,1190,1,16,,,,ARBIGNY
06/01/2020,18400.0,1190,1,16,,,,ARBIGNY
06/01/2020,18400.0,1190,1,16,,,,ARBIGNY
17/01/2020,125000.0,1000,1,53,2,98,3,BOURG-EN-BRESSE
17/01/2020,125000.0,1000,1,53,3,0,0,BOURG-EN-BRESSE
09/01/2020,45000.0,1190,1,57,,,,BOZ
17/01/2020,105000.0,1000,1,53,3,0,0,BOURG-EN-BRESSE
17/01/2020,105000.0,1000,1,53,2,76,4,BOURG-EN-BRESSE
17/01/2020,100000.0,1960,1,289,,,,PERONNAS
17/01/2020,100000.0,1960,1,289,,,,PERONNAS
17/01/2020,100000.0,1960,1,289,1,114,4,PERONNAS
17/01/2020,100000.0,1960,1,289,,,,PERONNAS
17/01/2020,100000.0,1960,1,289,,,,PERONNAS
17/01/2020,100000.0,1960,1,289,,,,PERONNAS
17/01/2020,100000.0,1960,1,289,,,,PERONNAS
17/01/2020,100000.0,1960,1,289,,,,PERONNAS
20/01/2020,67000.0,1000,1,53,2,38,2,BOURG-EN-BRESSE
20/01/2020,8000.0,1000,1,53,3,0,0,BOURG-EN-BRESSE
20/01/2020,42000.0,1000,1,53,3,0,0,BOURG-EN-BRESSE
20/01/2020,42000.0,1000,1,53,,,,BOURG-EN-BRESSE
20/01/2020,42000.0,1000,1,53,2,33,1,BOURG-EN-BRESSE
20/01/2020,299000.0,1000,1,53,2,74,3,BOURG-EN-BRESSE
20/01/2020,299000.0,1000,1,53,4,250,0,BOURG-EN-BRESSE
20/01/2020,299000.0,1000,1,53,2,37,2,BOURG-EN-BRESSE
20/01/2020,299000.0,1000,1,53,2,65,3,BOURG-EN-BRESSE
14/01/2020,818.0,1440,1,451,,,,VIRIAT
14/01/2020,818.0,1440,1,451,,,,VIRIAT
22/01/2020,480000.0,1240,1,69,4,1408,0,CERTINES
22/01/2020,480000.0,1240,1,69,,,,CERTINES
22/01/2020,480000.0,1240,1,69,,,,CERTINES
16/01/2020,25000.0,1290,1,203,,,,LAIZ
10/01/2020,147000.0,1160,1,374,1,107,4,SAINT-MARTIN-DU-MONT
16/01/2020,64000.0,1960,1,289,2,47,1,PERONNAS
06/01/2020,70.0,1160,1,151,,,,DRUILLAT
03/01/2020,105000.0,1000,1,53,1,58,3,BOURG-EN-BRESSE
23/01/2020,46000.0,1250,1,184,,,,HAUTECOURT-ROMANECHE
23/01/2020,46000.0,1250,1,184,,,,HAUTECOURT-ROMANECHE
23/01/2020,46000.0,1250,1,184,,,,HAUTECOURT-ROMANECHE
20/01/2020,227000.0,1750,1,320,1,96,4,REPLONGES
20/01/2020,227000.0,1750,1,320,1,96,4,REPLONGES
16/01/2020,25000.0,1290,1,203,,,,LAIZ
16/01/2020,25000.0,1290,1,203,,,,LAIZ
08/01/2020,83000.0,1270,1,445,2,50,3,VILLEMOTIER
17/01/2020,9000.0,1250,1,321,,,,REVONNAS
17/01/2020,9000.0,1250,1,321,,,,REVONNAS
20/01/2020,119000.0,1000,1,53,3,0,0,BOURG-EN-BRESSE
20/01/2020,119000.0,1000,1,53,3,0,0,BOURG-EN-BRESSE
20/01/2020,119000.0,1000,1,53,2,121,4,BOURG-EN-BRESSE
21/01/2020,215000.0,1000,1,53,1,98,5,BOURG-EN-BRESSE
22/01/2020,3000.0,1250,1,72,,,,CEYZERIAT
17/01/2020,118000.0,1370,1,426,1,130,4,VAL-REVERMONT
17/01/2020,118000.0,1370,1,426,,,,VAL-REVERMONT
17/01/2020,118000.0,1370,1,426,,,,VAL-REVERMONT
09/01/2020,191750.0,1340,1,236,1,150,6,MARSONNAS
09/01/2020,191750.0,1340,1,236,1,150,6,MARSONNAS
13/01/2020,5275.0,1340,1,163,,,,FOISSIAT
13/01/2020,5275.0,1340,1,163,,,,FOISSIAT
27/01/2020,135000.0,1000,1,53,1,57,3,BOURG-EN-BRESSE
27/01/2020,135000.0,1000,1,53,1,57,3,BOURG-EN-BRESSE
21/01/2020,41000.0,1000,1,53,2,54,3,BOURG-EN-BRESSE
23/01/2020,115900.0,1000,1,53,2,48,2,BOURG-EN-BRESSE
23/01/2020,115900.0,1000,1,53,3,0,0,BOURG-EN-BRESSE
06/01/2020,1500.0,1380,1,355,,,,SAINT-GENIS-SUR-MENTHON
06/01/2020,1500.0,1380,1,355,,,,SAINT-GENIS-SUR-MENTHON
09/01/2020,82500.0,1340,1,266,1,95,4,MONTREVEL-EN-BRESSE
09/01/2020,82500.0,1340,1,266,3,0,0,MONTREVEL-EN-BRESSE
09/01/2020,82500.0,1340,1,266,,,,MONTREVEL-EN-BRESSE
09/01/2020,82500.0,1340,1,266,,,,MONTREVEL-EN-BRESSE
03/01/2020,40000.0,1270,1,108,,,,COLIGNY
06/01/2020,175000.0,1250,1,72,1,112,5,CEYZERIAT
08/01/2020,225000.0,1000,1,344,1,119,5,SAINT-DENIS-LES-BOURG
27/01/2020,300.0,1380,1,25,,,,BAGE-DOMMARTIN
14/01/2020,230000.0,1340,1,24,,,,ATTIGNAT
14/01/2020,230000.0,1340,1,24,,,,ATTIGNAT
14/01/2020,230000.0,1340,1,24,,,,ATTIGNAT
14/01/2020,230000.0,1340,1,24,1,121,6,ATTIGNAT
14/01/2020,230000.0,1340,1,24,4,8,0,ATTIGNAT
14/01/2020,230000.0,1340,1,24,,,,ATTIGNAT
14/01/2020,230000.0,1340,1,24,,,,ATTIGNAT
14/01/2020,230000.0,1340,1,24,,,,ATTIGNAT
14/01/2020,230000.0,1340,1,24,,,,ATTIGNAT
21/01/2020,1.0,1250,1,254,,,,MONTAGNAT
21/01/2020,1.0,1250,1,254,,,,MONTAGNAT
21/01/2020,1.0,1250,1,254,,,,MONTAGNAT
21/01/2020,1.0,1250,1,254,,,,MONTAGNAT
21/01/2020,1.0,1250,1,254,,,,MONTAGNAT
21/01/2020,1.0,1250,1,254,,,,MONTAGNAT
21/01/2020,1.0,1250,1,254,,,,MONTAGNAT
21/01/2020,1.0,1250,1,254,,,,MONTAGNAT
21/01/2020,1.0,1250,1,254,,,,MONTAGNAT
21/01/2020,1.0,1250,1,254,,,,MONTAGNAT
21/01/2020,1.0,1250,1,254,,,,MONTAGNAT
17/01/2020,152000.0,1000,1,53,2,108,4,BOURG-EN-BRESSE
17/01/2020,152000.0,1000,1,53,3,0,0,BOURG-EN-BRESSE
22/01/2020,209950.0,1000,1,53,1,78,5,BOURG-EN-BRESSE
21/01/2020,1.0,1250,1,254,,,,MONTAGNAT
21/01/2020,1.0,1250,1,254,,,,MONTAGNAT
21/01/2020,1.0,1250,1,254,,,,MONTAGNAT
21/01/2020,1.0,1250,1,254,,,,MONTAGNAT
24/01/2020,1272.0,1380,1,25,,,,BAGE-DOMMARTIN
24/01/2020,1272.0,1380,1,25,,,,BAGE-DOMMARTIN
24/01/2020,1272.0,1380,1,25,,,,BAGE-DOMMARTIN
27/01/2020,160000.0,1440,1,451,1,102,5,VIRIAT
22/01/2020,48960.0,1570,1,159,,,,FEILLENS
27/01/2020,301000.0,1960,1,289,1,99,4,PERONNAS
27/01/2020,301000.0,1960,1,289,3,0,0,PERONNAS
10/01/2020,7000.0,1340,1,24,,,,ATTIGNAT
10/01/2020,7000.0,1340,1,130,,,,BRESSE VALLONS
10/01/2020,7000.0,1340,1,266,,,,MONTREVEL-EN-BRESSE
10/01/2020,7000.0,1310,1,375,,,,SAINT-MARTIN-LE-CHATEL
10/01/2020,7000.0,1310,1,375,,,,SAINT-MARTIN-LE-CHATEL
10/01/2020,7000.0,1310,1,375,,,,SAINT-MARTIN-LE-CHATEL
10/01/2020,7000.0,1310,1,375,,,,SAINT-MARTIN-LE-CHATEL
10/01/2020,7000.0,1310,1,375,,,,SAINT-MARTIN-LE-CHATEL
10/01/2020,7000.0,1310,1,375,,,,SAINT-MARTIN-LE-CHATEL
10/01/2020,7000.0,1310,1,375,,,,SAINT-MARTIN-LE-CHATEL
10/01/2020,7000.0,1310,1,375,,,,SAINT-MARTIN-LE-CHATEL
10/01/2020,7000.0,1310,1,375,,,,SAINT-MARTIN-LE-CHATEL
10/01/2020,7000.0,1310,1,375,,,,SAINT-MARTIN-LE-CHATEL
10/01/2020,7000.0,1310,1,375,,,,SAINT-MARTIN-LE-CHATEL
10/01/2020,7000.0,1310,1,375,,,,SAINT-MARTIN-LE-CHATEL
10/01/2020,7000.0,1310,1,375,,,,SAINT-MARTIN-LE-CHATEL
10/01/2020,7000.0,1310,1,375,,,,SAINT-MARTIN-LE-CHATEL
10/01/2020,7000.0,1310,1,375,,,,SAINT-MARTIN-LE-CHATEL
10/01/2020,7000.0,1310,1,375,,,,SAINT-MARTIN-LE-CHATEL
10/01/2020,7000.0,1310,1,375,,,,SAINT-MARTIN-LE-CHATEL
10/01/2020,7000.0,1310,1,375,,,,SAINT-MARTIN-LE-CHATEL
10/01/2020,7000.0,1310,1,375,,,,SAINT-MARTIN-LE-CHATEL
10/01/2020,7000.0,1310,1,375,,,,SAINT-MARTIN-LE-CHATEL
10/01/2020,7000.0,1310,1,375,,,,SAINT-MARTIN-LE-CHATEL
10/01/2020,7000.0,1310,1,375,,,,SAINT-MARTIN-LE-CHATEL
10/01/2020,7000.0,1310,1,375,,,,SAINT-MARTIN-LE-CHATEL
07/01/2020,122550.0,1250,1,309,,,,POUILLAT
07/01/2020,122550.0,1250,1,309,1,160,5,POUILLAT
07/01/2020,122550.0,1250,1,309,,,,POUILLAT
07/01/2020,122550.0,1250,1,309,,,,POUILLAT
29/01/2020,1300.0,1160,1,374,,,,SAINT-MARTIN-DU-MONT
29/01/2020,1300.0,1160,1,374,,,,SAINT-MARTIN-DU-MONT
29/01/2020,1300.0,1160,1,374,,,,SAINT-MARTIN-DU-MONT
29/01/2020,1300.0,1160,1,374,,,,SAINT-MARTIN-DU-MONT
29/01/2020,1300.0,1160,1,374,,,,SAINT-MARTIN-DU-MONT
08/01/2020,92500.0,1380,1,25,1,98,4,BAGE-DOMMARTIN
07/01/2020,150.0,1310,1,301,,,,POLLIAT
10/01/2020,143500.0,1290,1,179,1,85,4,GRIEGES
09/01/2020,165000.0,1000,1,53,1,111,3,BOURG-EN-BRESSE
16/01/2020,2780.0,1190,1,337,,,,SAINT-BENIGNE
16/01/2020,2780.0,1190,1,337,,,,SAINT-BENIGNE
16/01/2020,2780.0,1190,1,337,,,,SAINT-BENIGNE
07/01/2020,28000.0,1240,1,211,1,68,1,LENT
17/01/2020,1023.0,1340,1,40,,,,BEREZIAT
17/01/2020,1870.5,1160,1,314,,,,PRIAY
17/01/2020,1870.5,1160,1,314,,,,PRIAY
17/01/2020,1870.5,1160,1,314,,,,PRIAY
17/01/2020,1870.5,1160,1,314,,,,PRIAY
27/01/2020,127700.0,1310,1,301,1,110,4,POLLIAT
27/01/2020,8500.0,1310,1,301,1,110,4,POLLIAT
27/01/2020,2000.0,1290,1,123,,,,CORMORANCHE-SUR-SAONE
28/01/2020,71000.0,1750,1,320,1,59,3,REPLONGES
15/01/2020,100000.0,1190,1,352,,,,ST ETIENNE-SUR-REYSSOUZE
15/01/2020,100000.0,1190,1,352,1,33,1,ST ETIENNE-SUR-REYSSOUZE
17/01/2020,271500.0,1160,1,374,,,,SAINT-MARTIN-DU-MONT
17/01/2020,271500.0,1160,1,374,,,,SAINT-MARTIN-DU-MONT
17/01/2020,271500.0,1160,1,374,,,,SAINT-MARTIN-DU-MONT
17/01/2020,271500.0,1160,1,374,1,100,4,SAINT-MARTIN-DU-MONT
09/01/2020,206400.0,1250,1,422,1,101,5,TOSSIAT
09/01/2020,206400.0,1250,1,422,,,,TOSSIAT
10/01/2020,232070.0,1290,1,136,1,124,5,CRUZILLES-LES-MEPILLAT
10/01/2020,232070.0,1290,1,136,1,124,5,CRUZILLES-LES-MEPILLAT
10/01/2020,232070.0,1290,1,136,,,,CRUZILLES-LES-MEPILLAT
10/01/2020,232070.0,1290,1,136,,,,CRUZILLES-LES-MEPILLAT
20/01/2020,196490.0,1310,1,115,,,,CONFRANCON
20/01/2020,196490.0,1310,1,115,,,,CONFRANCON
20/01/2020,196490.0,1310,1,115,,,,CONFRANCON
20/01/2020,196490.0,1310,1,115,,,,CONFRANCON
20/01/2020,196490.0,1310,1,115,4,0,0,CONFRANCON
20/01/2020,196490.0,1310,1,115,,,,CONFRANCON
20/01/2020,196490.0,1310,1,115,,,,CONFRANCON
20/01/2020,196490.0,1310,1,115,,,,CONFRANCON
20/01/2020,196490.0,1310,1,115,1,87,4,CONFRANCON
20/01/2020,196490.0,1310,1,115,,,,CONFRANCON
20/01/2020,196490.0,1310,1,115,,,,CONFRANCON
08/01/2020,111000.0,1290,1,306,2,77,3,PONT-DE-VEYLE
09/01/2020,200.0,1190,1,102,,,,CHEVROUX
09/01/2020,200.0,1190,1,102,,,,CHEVROUX
16/01/2020,3000.0,1340,1,266,,,,MONTREVEL-EN-BRESSE
16/01/2020,3000.0,1340,1,266,,,,MONTREVEL-EN-BRESSE
16/01/2020,3000.0,1340,1,346,,,,SAINT-DIDIER-D AUSSIAT
16/01/2020,3000.0,1340,1,346,,,,SAINT-DIDIER-D AUSSIAT
16/01/2020,207170.0,1000,1,53,1,106,4,BOURG-EN-BRESSE
20/01/2020,79000.0,1440,1,451,,,,VIRIAT
17/01/2020,189000.0,1340,1,266,1,90,4,MONTREVEL-EN-BRESSE
17/01/2020,189000.0,1340,1,266,4,0,0,MONTREVEL-EN-BRESSE
17/01/2020,189000.0,1340,1,266,,,,MONTREVEL-EN-BRESSE
17/01/2020,189000.0,1340,1,266,,,,MONTREVEL-EN-BRESSE
17/01/2020,35000.0,1340,1,40,,,,BEREZIAT
31/01/2020,715350.0,1851,1,232,,,,MARBOZ
31/01/2020,715350.0,1851,1,232,,,,MARBOZ
31/01/2020,715350.0,1851,1,232,1,400,7,MARBOZ
31/01/2020,715350.0,1851,1,232,,,,MARBOZ
30/01/2020,164650.0,1000,1,53,1,90,4,BOURG-EN-BRESSE
31/01/2020,174500.0,1370,1,426,1,100,4,VAL-REVERMONT
16/01/2020,67000.0,1290,1,306,2,67,3,PONT-DE-VEYLE
16/01/2020,67000.0,1290,1,306,3,0,0,PONT-DE-VEYLE
27/01/2020,122000.0,1000,1,53,2,63,2,BOURG-EN-BRESSE
27/01/2020,122000.0,1000,1,53,3,0,0,BOURG-EN-BRESSE
06/01/2020,210100.0,1380,1,332,,,,SAINT-ANDRE-DE-BAGE
06/01/2020,210100.0,1380,1,332,,,,SAINT-ANDRE-DE-BAGE
06/01/2020,210100.0,1380,1,332,,,,SAINT-ANDRE-DE-BAGE
06/01/2020,210100.0,1380,1,332,1,101,4,SAINT-ANDRE-DE-BAGE
15/01/2020,67000.0,1000,1,53,2,46,2,BOURG-EN-BRESSE
15/01/2020,67000.0,1000,1,53,3,0,0,BOURG-EN-BRESSE
15/01/2020,6000.0,1340,1,130,,,,BRESSE VALLONS
15/01/2020,6000.0,1340,1,130,,,,BRESSE VALLONS
16/01/2020,209.14,1310,1,375,,,,SAINT-MARTIN-LE-CHATEL
16/01/2020,209.14,1310,1,375,,,,SAINT-MARTIN-LE-CHATEL
16/01/2020,227250.0,1340,1,130,1,136,6,BRESSE VALLONS
16/01/2020,227250.0,1340,1,130,,,,BRESSE VALLONS
16/01/2020,166750.0,1960,1,289,1,84,5,PERONNAS
16/01/2020,2500.0,1340,1,346,,,,SAINT-DIDIER-D AUSSIAT
09/01/2020,220000.0,1560,1,380,,,,SAINT-NIZIER-LE-BOUCHOUX
09/01/2020,220000.0,1560,1,380,,,,SAINT-NIZIER-LE-BOUCHOUX
09/01/2020,220000.0,1560,1,380,,,,SAINT-NIZIER-LE-BOUCHOUX
09/01/2020,220000.0,1560,1,380,,,,SAINT-NIZIER-LE-BOUCHOUX
09/01/2020,220000.0,1560,1,380,,,,SAINT-NIZIER-LE-BOUCHOUX
09/01/2020,220000.0,1560,1,380,,,,SAINT-NIZIER-LE-BOUCHOUX
15/01/2020,300.0,1340,1,130,,,,BRESSE VALLONS
16/01/2020,167490.0,1340,1,229,1,160,5,MALAFRETAZ
17/01/2020,120000.0,1560,1,124,1,129,6,CORMOZ
17/01/2020,120000.0,1560,1,124,1,129,6,CORMOZ
17/01/2020,1.0,1160,1,304,,,,PONT-D AIN
15/01/2020,274820.0,1250,1,447,1,136,5,VILLEREVERSURE
15/01/2020,274820.0,1250,1,447,1,136,5,VILLEREVERSURE
16/01/2020,50000.0,1340,1,40,1,83,5,BEREZIAT
16/01/2020,50000.0,1340,1,40,1,83,5,BEREZIAT
16/01/2020,50000.0,1340,1,40,1,83,5,BEREZIAT
17/01/2020,120000.0,1310,1,140,1,96,3,CURTAFOND
17/01/2020,120000.0,1310,1,140,3,0,0,CURTAFOND
31/01/2020,122000.0,1000,1,53,3,0,0,BOURG-EN-BRESSE
31/01/2020,122000.0,1000,1,53,2,83,3,BOURG-EN-BRESSE
06/01/2020,177000.0,1000,1,53,2,60,3,BOURG-EN-BRESSE
06/01/2020,177000.0,1000,1,53,2,141,5,BOURG-EN-BRESSE
06/01/2020,177000.0,1000,1,53,3,0,0,BOURG-EN-BRESSE
16/01/2020,207000.0,,1,344,,,,SAINT-DENIS-LES-BOURG
16/01/2020,207000.0,,1,344,,,,SAINT-DENIS-LES-BOURG
23/01/2020,129000.0,1370,1,426,,,,VAL-REVERMONT
16/01/2020,385450.0,1160,1,304,,,,PONT-D AIN
16/01/2020,385450.0,1160,1,304,1,362,8,PONT-D AIN
16/01/2020,385450.0,1160,1,304,1,362,8,PONT-D AIN
16/01/2020,385450.0,1160,1,304,3,0,0,PONT-D AIN
16/01/2020,385450.0,1160,1,304,3,0,0,PONT-D AIN
16/01/2020,385450.0,1160,1,304,,,,PONT-D AIN
16/01/2020,385450.0,1160,1,304,,,,PONT-D AIN
16/01/2020,385450.0,1160,1,304,,,,PONT-D AIN
16/01/2020,385450.0,1160,1,304,,,,PONT-D AIN
23/01/2020,125000.0,1000,1,53,2,69,3,BOURG-EN-BRESSE
17/01/2020,400.0,1160,1,374,,,,SAINT-MARTIN-DU-MONT
29/01/2020,105000.0,1000,1,53,2,67,4,BOURG-EN-BRESSE
22/01/2020,500.0,1340,1,130,,,,BRESSE VALLONS
22/01/2020,500.0,1340,1,130,,,,BRESSE VALLONS
16/01/2020,15000.0,1560,1,406,,,,SERVIGNAT
16/01/2020,15000.0,1560,1,406,,,,SERVIGNAT
08/01/2020,220850.0,1380,1,355,1,150,6,SAINT-GENIS-SUR-MENTHON
23/01/2020,50000.0,1000,1,53,2,22,1,BOURG-EN-BRESSE
20/01/2020,910.0,1310,1,301,,,,POLLIAT
08/01/2020,1000.0,1560,1,433,,,,VERNOUX
21/01/2020,217600.0,1851,1,232,1,117,5,MARBOZ
21/01/2020,217600.0,1851,1,232,1,117,5,MARBOZ
23/01/2020,33487.0,1560,1,212,,,,LESCHEROUX
23/01/2020,33487.0,1560,1,212,,,,LESCHEROUX
23/01/2020,33487.0,1560,1,212,,,,LESCHEROUX
23/01/2020,33487.0,1560,1,212,,,,LESCHEROUX
23/01/2020,33487.0,1560,1,212,,,,LESCHEROUX
23/01/2020,33487.0,1560,1,212,,,,LESCHEROUX
23/01/2020,33487.0,1560,1,212,,,,LESCHEROUX
23/01/2020,33487.0,1560,1,212,,,,LESCHEROUX
03/02/2020,95000.0,1560,1,437,1,152,7,VESCOURS
03/02/2020,95000.0,1560,1,437,,,,VESCOURS
03/02/2020,95000.0,1560,1,437,,,,VESCOURS
20/01/2020,158960.0,1340,1,24,1,110,4,ATTIGNAT
20/01/2020,105000.0,1560,1,212,1,84,4,LESCHEROUX
20/01/2020,105000.0,1560,1,212,1,84,4,LESCHEROUX
31/01/2020,1250000.0,1000,1,53,4,554,0,BOURG-EN-BRESSE
31/01/2020,1250000.0,1000,1,53,4,558,0,BOURG-EN-BRESSE
31/01/2020,1250000.0,1000,1,53,,,,BOURG-EN-BRESSE
30/01/2020,199000.0,1000,1,53,4,180,0,BOURG-EN-BRESSE
27/01/2020,80000.0,1250,1,408,,,,SIMANDRE-SUR-SURAN
27/01/2020,80000.0,1250,1,408,,,,SIMANDRE-SUR-SURAN
27/01/2020,80000.0,1250,1,408,1,98,2,SIMANDRE-SUR-SURAN
27/01/2020,80000.0,1250,1,408,,,,SIMANDRE-SUR-SURAN
27/01/2020,80000.0,1250,1,408,,,,SIMANDRE-SUR-SURAN
27/01/2020,80000.0,1250,1,408,,,,SIMANDRE-SUR-SURAN
27/01/2020,80000.0,1250,1,408,3,0,0,SIMANDRE-SUR-SURAN
27/01/2020,80000.0,1250,1,408,,,,SIMANDRE-SUR-SURAN
27/01/2020,80000.0,1250,1,408,,,,SIMANDRE-SUR-SURAN
29/01/2020,2200.0,1380,1,25,,,,BAGE-DOMMARTIN
15/01/2020,197000.0,1570,1,159,1,89,4,FEILLENS
15/01/2020,72050.0,1380,1,343,,,,SAINT-CYR-SUR-MENTHON
21/01/2020,130.0,1310,1,115,,,,CONFRANCON
21/01/2020,130.0,1310,1,115,,,,CONFRANCON
17/01/2020,107850.0,1560,1,437,1,93,3,VESCOURS
17/01/2020,107850.0,1560,1,437,,,,VESCOURS
17/01/2020,107850.0,1560,1,437,,,,VESCOURS
31/01/2020,158000.0,1570,1,231,3,0,0,MANZIAT
31/01/2020,158000.0,1570,1,231,2,90,4,MANZIAT
31/01/2020,158000.0,1570,1,231,2,55,3,MANZIAT
31/01/2020,133050.0,1851,1,232,1,84,4,MARBOZ
07/01/2020,74000.0,1960,1,289,2,66,3,PERONNAS
27/01/2020,186200.0,1750,1,320,1,125,6,REPLONGES
27/01/2020,186200.0,1750,1,320,1,125,6,REPLONGES
23/01/2020,212000.0,1250,1,422,,,,TOSSIAT
23/01/2020,212000.0,1250,1,422,1,130,5,TOSSIAT
23/01/2020,208534.0,1190,1,337,1,58,2,SAINT-BENIGNE
28/01/2020,200.0,1190,1,402,,,,SERMOYER
27/01/2020,10500.0,1190,1,16,,,,ARBIGNY
15/01/2020,334150.0,1190,1,102,1,148,6,CHEVROUX
15/01/2020,334150.0,1190,1,102,1,148,6,CHEVROUX
15/01/2020,334150.0,1190,1,102,,,,CHEVROUX
15/01/2020,334150.0,1190,1,102,,,,CHEVROUX
21/01/2020,25000.0,1190,1,50,1,36,1,BOISSEY
29/01/2020,143550.0,1190,1,323,,,,REYSSOUZE
29/01/2020,143550.0,1190,1,323,,,,REYSSOUZE
29/01/2020,143550.0,1190,1,323,1,105,4,REYSSOUZE
27/01/2020,500.0,1190,1,16,,,,ARBIGNY
31/01/2020,1.0,1000,1,344,,,,SAINT-DENIS-LES-BOURG
23/01/2020,114000.0,1190,1,337,4,493,0,SAINT-BENIGNE
23/01/2020,114000.0,1190,1,337,4,300,0,SAINT-BENIGNE
23/01/2020,114000.0,1190,1,337,4,300,0,SAINT-BENIGNE
23/01/2020,114000.0,1190,1,337,4,493,0,SAINT-BENIGNE
23/01/2020,114000.0,1190,1,337,,,,SAINT-BENIGNE
23/01/2020,114000.0,1190,1,337,,,,SAINT-BENIGNE
31/01/2020,34000.0,1190,1,337,,,,SAINT-BENIGNE
31/01/2020,34000.0,1190,1,337,,,,SAINT-BENIGNE
28/01/2020,80000.0,1560,1,230,1,57,3,MANTENAY-MONTLIN
28/01/2020,80000.0,1560,1,230,,,,MANTENAY-MONTLIN
03/02/2020,130000.0,1190,1,16,1,95,3,ARBIGNY
03/02/2020,130000.0,1190,1,16,,,,ARBIGNY
21/01/2020,235000.0,1370,1,350,1,229,10,SAINT-ETIENNE-DU-BOIS
20/01/2020,135000.0,1000,1,53,2,90,4,BOURG-EN-BRESSE
20/01/2020,135000.0,1000,1,53,3,0,0,BOURG-EN-BRESSE
20/01/2020,165000.0,1290,1,306,3,0,0,PONT-DE-VEYLE
20/01/2020,165000.0,1290,1,306,1,93,4,PONT-DE-VEYLE
24/01/2020,2000.0,1290,1,136,,,,CRUZILLES-LES-MEPILLAT
24/01/2020,2000.0,1290,1,136,,,,CRUZILLES-LES-MEPILLAT
24/01/2020,55000.0,1290,1,136,,,,CRUZILLES-LES-MEPILLAT
24/01/2020,55000.0,1290,1,136,,,,CRUZILLES-LES-MEPILLAT
24/01/2020,55000.0,1290,1,136,,,,CRUZILLES-LES-MEPILLAT
06/02/2020,300000.0,1250,1,72,1,280,6,CEYZERIAT
06/02/2020,300000.0,1250,1,72,3,0,0,CEYZERIAT
06/02/2020,300000.0,1250,1,72,3,0,0,CEYZERIAT
06/02/2020,300000.0,1250,1,72,,,,CEYZERIAT
14/01/2020,73000.0,1000,1,53,,,,BOURG-EN-BRESSE
20/01/2020,118000.0,1000,1,53,3,0,0,BOURG-EN-BRESSE
20/01/2020,118000.0,1000,1,53,2,44,2,BOURG-EN-BRESSE
14/01/2020,,1190,1,175,,,,GORREVOD
04/02/2020,431.0,1560,1,437,,,,VESCOURS
15/01/2020,79000.0,1370,1,241,,,,MEILLONNAS
04/02/2020,150.0,1190,1,50,,,,BOISSEY
23/01/2020,15000.0,1270,1,29,,,,BEAUPONT
23/01/2020,15000.0,1270,1,29,,,,BEAUPONT
23/01/2020,15000.0,1270,1,29,,,,BEAUPONT
06/02/2020,82000.0,1370,1,241,,,,MEILLONNAS
06/02/2020,82000.0,1370,1,241,,,,MEILLONNAS
21/01/2020,167600.0,1380,1,343,1,88,4,SAINT-CYR-SUR-MENTHON
21/01/2020,167600.0,1380,1,343,,,,SAINT-CYR-SUR-MENTHON
15/01/2020,150000.0,1290,1,179,1,108,4,GRIEGES
15/01/2020,150000.0,1290,1,179,,,,GRIEGES
15/01/2020,150000.0,1290,1,179,,,,GRIEGES
17/01/2020,134516.66,1290,1,334,,,,SAINT-ANDRE-D HUIRIAT
17/01/2020,134516.66,1290,1,334,,,,SAINT-ANDRE-D HUIRIAT
17/01/2020,134516.66,1290,1,334,,,,SAINT-ANDRE-D HUIRIAT
17/01/2020,134516.66,1290,1,334,,,,SAINT-ANDRE-D HUIRIAT
17/01/2020,134516.66,1290,1,334,1,59,1,SAINT-ANDRE-D HUIRIAT
31/01/2020,250000.0,1000,1,53,4,60,0,BOURG-EN-BRESSE
31/01/2020,250000.0,1000,1,53,4,219,0,BOURG-EN-BRESSE
03/02/2020,165000.0,1310,1,140,,,,CURTAFOND
03/02/2020,165000.0,1310,1,140,1,148,7,CURTAFOND
03/02/2020,165000.0,1310,1,140,1,148,7,CURTAFOND
13/01/2020,153248.0,1290,1,334,1,203,6,SAINT-ANDRE-D HUIRIAT
13/01/2020,153248.0,1290,1,334,1,203,6,SAINT-ANDRE-D HUIRIAT
29/01/2020,176961.0,1290,1,123,1,97,4,CORMORANCHE-SUR-SAONE
20/01/2020,190500.0,1160,1,374,,,,SAINT-MARTIN-DU-MONT
20/01/2020,190500.0,1160,1,374,1,84,4,SAINT-MARTIN-DU-MONT
20/01/2020,190500.0,1160,1,374,1,84,4,SAINT-MARTIN-DU-MONT
20/01/2020,190500.0,1160,1,374,,,,SAINT-MARTIN-DU-MONT
25/01/2020,46416.3,1250,1,177,,,,GRAND-CORENT
25/01/2020,46416.3,1250,1,177,,,,GRAND-CORENT
25/01/2020,46416.3,1250,1,177,,,,GRAND-CORENT
25/01/2020,46416.3,1250,1,177,,,,GRAND-CORENT
25/01/2020,46416.3,1250,1,177,,,,GRAND-CORENT
25/01/2020,46416.3,1250,1,177,,,,GRAND-CORENT
25/01/2020,46416.3,1250,1,177,,,,GRAND-CORENT
25/01/2020,46416.3,1250,1,177,,,,GRAND-CORENT
25/01/2020,46416.3,1250,1,177,,,,GRAND-CORENT
25/01/2020,46416.3,1250,1,177,,,,GRAND-CORENT
25/01/2020,46416.3,1250,1,177,,,,GRAND-CORENT
25/01/2020,46416.3,1250,1,177,,,,GRAND-CORENT
25/01/2020,46416.3,1250,1,177,,,,GRAND-CORENT
25/01/2020,46416.3,1250,1,177,,,,GRAND-CORENT
25/01/2020,46416.3,1250,1,177,,,,GRAND-CORENT
25/01/2020,46416.3,1250,1,177,,,,GRAND-CORENT
25/01/2020,46416.3,1250,1,177,,,,GRAND-CORENT
25/01/2020,46416.3,1250,1,177,,,,GRAND-CORENT
25/01/2020,46416.3,1250,1,177,,,,GRAND-CORENT
24/01/2020,72900.0,1310,1,65,,,,BUELLAS
31/01/2020,66311.62,1440,1,451,,,,VIRIAT
25/01/2020,21000.0,1560,1,124,,,,CORMOZ
17/01/2020,210000.0,1310,1,264,1,96,4,MONTRACOL
17/01/2020,210000.0,1310,1,264,1,96,4,MONTRACOL
20/01/2020,300000.0,1160,1,314,,,,PRIAY
20/01/2020,300000.0,1160,1,314,1,110,4,PRIAY
20/01/2020,300000.0,1160,1,314,,,,PRIAY
10/01/2020,135000.0,1190,1,305,1,103,4,PONT-DE-VAUX
07/02/2020,310000.0,1560,1,380,,,,SAINT-NIZIER-LE-BOUCHOUX
07/02/2020,310000.0,1560,1,380,,,,SAINT-NIZIER-LE-BOUCHOUX
07/02/2020,310000.0,1560,1,380,,,,SAINT-NIZIER-LE-BOUCHOUX
07/02/2020,310000.0,1560,1,380,,,,SAINT-NIZIER-LE-BOUCHOUX
07/02/2020,310000.0,1560,1,380,,,,SAINT-NIZIER-LE-BOUCHOUX
07/02/2020,310000.0,1560,1,380,,,,SAINT-NIZIER-LE-BOUCHOUX
07/02/2020,159200.0,1000,1,53,3,0,0,BOURG-EN-BRESSE
07/02/2020,159200.0,1000,1,53,2,87,3,BOURG-EN-BRESSE
17/01/2020,145000.0,1000,1,53,3,0,0,BOURG-EN-BRESSE
17/01/2020,145000.0,1000,1,53,2,89,5,BOURG-EN-BRESSE
28/01/2020,205000.0,1340,1,236,1,140,4,MARSONNAS
28/01/2020,205000.0,1340,1,236,,,,MARSONNAS
27/01/2020,238700.0,1340,1,266,1,125,4,MONTREVEL-EN-BRESSE
27/01/2020,247000.0,1340,1,266,4,110,0,MONTREVEL-EN-BRESSE
27/01/2020,247000.0,1340,1,266,2,46,2,MONTREVEL-EN-BRESSE
27/01/2020,247000.0,1340,1,266,2,100,4,MONTREVEL-EN-BRESSE
24/01/2020,1000.0,1340,1,130,,,,BRESSE VALLONS
24/01/2020,1000.0,1340,1,130,,,,BRESSE VALLONS
24/01/2020,1000.0,1340,1,130,,,,BRESSE VALLONS
24/01/2020,1200.0,1340,1,130,,,,BRESSE VALLONS
24/01/2020,2200.0,1851,1,232,,,,MARBOZ
24/01/2020,8816.4,1340,1,130,,,,BRESSE VALLONS
24/01/2020,8816.4,1340,1,130,,,,BRESSE VALLONS
24/01/2020,8816.4,1340,1,130,,,,BRESSE VALLONS
24/01/2020,3020.0,1340,1,163,,,,FOISSIAT
13/01/2020,157000.0,1340,1,266,,,,MONTREVEL-EN-BRESSE
13/01/2020,157000.0,1340,1,266,2,72,3,MONTREVEL-EN-BRESSE
13/01/2020,157000.0,1340,1,266,3,0,0,MONTREVEL-EN-BRESSE
13/01/2020,157000.0,1340,1,266,2,72,3,MONTREVEL-EN-BRESSE
13/01/2020,157000.0,1340,1,266,3,0,0,MONTREVEL-EN-BRESSE
24/01/2020,400.0,1851,1,232,,,,MARBOZ
20/01/2020,6214.0,1310,1,115,,,,CONFRANCON
20/01/2020,6214.0,1310,1,115,,,,CONFRANCON
29/01/2020,173000.0,1960,1,405,1,95,5,SERVAS
08/02/2020,30000.0,1570,1,159,,,,FEILLENS
08/02/2020,30000.0,1570,1,159,,,,FEILLENS
07/02/2020,,1000,1,344,,,,SAINT-DENIS-LES-BOURG
07/02/2020,,1000,1,344,,,,SAINT-DENIS-LES-BOURG
07/02/2020,,1000,1,344,,,,SAINT-DENIS-LES-BOURG
07/02/2020,,1000,1,344,,,,SAINT-DENIS-LES-BOURG
07/02/2020,,1000,1,344,,,,SAINT-DENIS-LES-BOURG
07/02/2020,,1000,1,344,,,,SAINT-DENIS-LES-BOURG
07/02/2020,,1000,1,344,,,,SAINT-DENIS-LES-BOURG
07/02/2020,,1000,1,344,,,,SAINT-DENIS-LES-BOURG
21/01/2020,70000.0,1340,1,24,,,,ATTIGNAT
21/01/2020,70000.0,1340,1,24,,,,ATTIGNAT
17/01/2020,13750.0,1000,1,344,,,,SAINT-DENIS-LES-BOURG
29/01/2020,282800.0,1160,1,273,1,146,6,NEUVILLE-SUR-AIN
29/01/2020,282800.0,1160,1,273,3,0,0,NEUVILLE-SUR-AIN
17/01/2020,141150.0,1000,1,53,2,84,4,BOURG-EN-BRESSE
17/01/2020,141150.0,1000,1,53,3,0,0,BOURG-EN-BRESSE
24/01/2020,4401.0,1340,1,130,,,,BRESSE VALLONS
24/01/2020,4401.0,1340,1,130,,,,BRESSE VALLONS
14/01/2020,85000.0,1340,1,346,,,,SAINT-DIDIER-D AUSSIAT
30/01/2020,500.0,1190,1,102,,,,CHEVROUX
30/01/2020,500.0,1190,1,102,,,,CHEVROUX
30/01/2020,500.0,1190,1,102,,,,CHEVROUX
30/01/2020,500.0,1190,1,102,,,,CHEVROUX
31/01/2020,114000.0,1160,1,304,,,,PONT-D AIN
31/01/2020,233900.0,1540,1,291,,,,PERREX
31/01/2020,233900.0,1540,1,291,4,0,0,PERREX
31/01/2020,233900.0,1540,1,291,1,118,5,PERREX
21/01/2020,130000.0,1160,1,273,1,73,3,NEUVILLE-SUR-AIN
21/01/2020,130000.0,1160,1,273,,,,NEUVILLE-SUR-AIN
31/01/2020,11000.0,1000,1,53,3,0,0,BOURG-EN-BRESSE
03/02/2020,119000.0,1000,1,53,2,82,4,BOURG-EN-BRESSE
05/02/2020,2600.0,1000,1,53,3,0,0,BOURG-EN-BRESSE
05/02/2020,73000.0,1250,1,254,,,,MONTAGNAT
05/02/2020,73000.0,1250,1,254,,,,MONTAGNAT
05/02/2020,73000.0,1250,1,254,,,,MONTAGNAT
20/01/2020,91000.0,1310,1,264,,,,MONTRACOL
20/01/2020,91000.0,1310,1,264,,,,MONTRACOL
20/01/2020,91000.0,1310,1,264,,,,MONTRACOL
20/01/2020,91000.0,1310,1,264,,,,MONTRACOL
10/02/2020,100000.0,1440,1,451,1,92,4,VIRIAT
03/02/2020,56000.0,1370,1,350,2,52,2,SAINT-ETIENNE-DU-BOIS
03/02/2020,56000.0,1370,1,350,3,0,0,SAINT-ETIENNE-DU-BOIS
04/02/2020,59000.0,1960,1,336,,,,SAINT-ANDRE-SUR-VIEUX-JONC
20/01/2020,115000.0,1000,1,53,,,,BOURG-EN-BRESSE
20/01/2020,115000.0,1000,1,53,,,,BOURG-EN-BRESSE
20/01/2020,115000.0,1000,1,53,,,,BOURG-EN-BRESSE
20/01/2020,115000.0,1000,1,53,,,,BOURG-EN-BRESSE
20/01/2020,115000.0,1000,1,53,,,,BOURG-EN-BRESSE
20/01/2020,115000.0,1000,1,53,,,,BOURG-EN-BRESSE
23/01/2020,15990.0,1000,1,53,3,0,0,BOURG-EN-BRESSE
23/01/2020,12660.0,1000,1,53,3,0,0,BOURG-EN-BRESSE
05/02/2020,95.0,1250,1,197,,,,JOURNANS
05/02/2020,95.0,1250,1,197,,,,JOURNANS
05/02/2020,95.0,1250,1,197,,,,JOURNANS
11/02/2020,1.0,1290,1,203,,,,LAIZ
17/01/2020,206010.0,1380,1,343,1,128,4,SAINT-CYR-SUR-MENTHON
17/01/2020,266920.0,1380,1,343,1,130,6,SAINT-CYR-SUR-MENTHON
17/01/2020,266920.0,1380,1,343,,,,SAINT-CYR-SUR-MENTHON
17/01/2020,266920.0,1380,1,343,,,,SAINT-CYR-SUR-MENTHON
16/01/2020,277700.0,1310,1,65,1,100,4,BUELLAS
16/01/2020,277700.0,1310,1,65,1,100,4,BUELLAS
16/01/2020,277700.0,1310,1,65,,,,BUELLAS
05/02/2020,314250.0,1440,1,451,1,185,5,VIRIAT
05/02/2020,314250.0,1440,1,451,1,185,5,VIRIAT
05/02/2020,314250.0,1440,1,451,,,,VIRIAT
04/02/2020,13000.0,1160,1,314,,,,PRIAY
04/02/2020,1760.0,1160,1,314,,,,PRIAY
04/02/2020,1760.0,1160,1,314,,,,PRIAY
04/02/2020,1760.0,1160,1,314,,,,PRIAY
04/02/2020,1760.0,1160,1,314,,,,PRIAY
04/02/2020,1760.0,1160,1,314,,,,PRIAY
04/02/2020,1760.0,1160,1,314,,,,PRIAY
04/02/2020,1760.0,1160,1,314,,,,PRIAY
04/02/2020,1760.0,1160,1,314,,,,PRIAY
04/02/2020,1760.0,1160,1,314,,,,PRIAY
04/02/2020,1760.0,1160,1,314,,,,PRIAY
21/01/2020,72000.0,1380,1,343,,,,SAINT-CYR-SUR-MENTHON
22/01/2020,190000.0,1340,1,24,1,103,4,ATTIGNAT
21/01/2020,50000.0,1160,1,304,3,0,0,PONT-D AIN
21/01/2020,50000.0,1160,1,304,2,106,4,PONT-D AIN
21/01/2020,50000.0,1160,1,304,3,0,0,PONT-D AIN
21/01/2020,50000.0,1160,1,304,3,0,0,PONT-D AIN
27/01/2020,248.0,1250,1,197,,,,JOURNANS
27/01/2020,248.0,1250,1,197,,,,JOURNANS
27/01/2020,210000.0,1250,1,184,,,,HAUTECOURT-ROMANECHE
27/01/2020,210000.0,1250,1,184,1,112,2,HAUTECOURT-ROMANECHE
27/01/2020,210000.0,1250,1,184,,,,HAUTECOURT-ROMANECHE
23/01/2020,216000.0,1250,1,125,1,117,5,CORVEISSIAT
23/01/2020,216000.0,1250,1,125,1,117,5,CORVEISSIAT
06/02/2020,249500.0,1160,1,374,1,130,4,SAINT-MARTIN-DU-MONT
06/02/2020,33000.0,1380,1,25,,,,BAGE-DOMMARTIN
06/02/2020,100000.0,1380,1,25,,,,BAGE-DOMMARTIN
06/02/2020,100000.0,1380,1,25,,,,BAGE-DOMMARTIN
06/02/2020,100000.0,1380,1,25,,,,BAGE-DOMMARTIN
06/02/2020,100000.0,1380,1,25,,,,BAGE-DOMMARTIN
06/02/2020,100000.0,1380,1,25,,,,BAGE-DOMMARTIN
27/01/2020,12500.0,1380,1,25,,,,BAGE-DOMMARTIN
27/01/2020,12500.0,1380,1,25,,,,BAGE-DOMMARTIN
27/01/2020,12500.0,1380,1,25,,,,BAGE-DOMMARTIN
08/02/2020,12500.0,1340,1,40,,,,BEREZIAT
08/02/2020,12500.0,1560,1,364,,,,SAINT-JEAN-SUR-REYSSOUZE
08/02/2020,12500.0,1560,1,364,,,,SAINT-JEAN-SUR-REYSSOUZE
08/02/2020,12500.0,1560,1,364,1,122,6,SAINT-JEAN-SUR-REYSSOUZE
08/02/2020,12500.0,1560,1,364,,,,SAINT-JEAN-SUR-REYSSOUZE
08/02/2020,12500.0,1560,1,364,,,,SAINT-JEAN-SUR-REYSSOUZE
31/01/2020,218000.0,1340,1,130,1,106,4,BRESSE VALLONS
31/01/2020,218000.0,1340,1,130,1,106,4,BRESSE VALLONS
03/02/2020,176600.0,1851,1,232,1,91,3,MARBOZ
13/02/2020,16000.0,1560,1,388,,,,SAINT-TRIVIER-DE-COURTES
13/02/2020,16000.0,1560,1,388,,,,SAINT-TRIVIER-DE-COURTES
17/01/2020,4000.0,1340,1,163,,,,FOISSIAT
23/01/2020,36000.0,1340,1,163,,,,FOISSIAT
31/01/2020,1123.2,1340,1,130,,,,BRESSE VALLONS
31/01/2020,1123.2,1340,1,130,,,,BRESSE VALLONS
31/01/2020,1123.2,1340,1,130,,,,BRESSE VALLONS
22/01/2020,69240.0,1340,1,130,,,,BRESSE VALLONS
20/01/2020,453210.0,1250,1,72,,,,CEYZERIAT
20/01/2020,453210.0,1250,1,72,,,,CEYZERIAT
20/01/2020,453210.0,1250,1,72,1,206,4,CEYZERIAT
20/01/2020,453210.0,1250,1,72,,,,CEYZERIAT
20/01/2020,453210.0,1250,1,72,,,,CEYZERIAT
20/01/2020,200200.0,1250,1,95,1,153,5,NIVIGNE ET SURAN
20/01/2020,200200.0,1250,1,95,,,,NIVIGNE ET SURAN
11/02/2020,3300.0,1340,1,24,,,,ATTIGNAT
11/02/2020,3300.0,1340,1,24,,,,ATTIGNAT
20/01/2020,175850.0,1000,1,53,2,70,2,BOURG-EN-BRESSE
03/02/2020,70000.0,1960,1,405,2,72,4,SERVAS
03/02/2020,70000.0,1960,1,405,3,0,0,SERVAS
31/01/2020,216600.0,1340,1,387,1,149,6,SAINT-SULPICE
31/01/2020,216600.0,1340,1,387,,,,SAINT-SULPICE
31/01/2020,216600.0,1340,1,387,,,,SAINT-SULPICE
31/01/2020,216600.0,1340,1,387,,,,SAINT-SULPICE
31/01/2020,216600.0,1340,1,387,,,,SAINT-SULPICE
27/01/2020,40000.0,1340,1,163,,,,FOISSIAT
29/01/2020,106500.0,1000,1,53,2,43,2,BOURG-EN-BRESSE
29/01/2020,106500.0,1000,1,53,3,0,0,BOURG-EN-BRESSE
13/02/2020,160000.0,1000,1,53,1,70,3,BOURG-EN-BRESSE
22/01/2020,43295.62,1340,1,163,,,,FOISSIAT
11/02/2020,85000.0,1340,1,24,,,,ATTIGNAT
06/02/2020,84000.0,1000,1,53,2,57,2,BOURG-EN-BRESSE
06/02/2020,84000.0,1000,1,53,3,0,0,BOURG-EN-BRESSE
05/02/2020,181000.0,1340,1,236,1,131,5,MARSONNAS
05/02/2020,181000.0,1340,1,236,,,,MARSONNAS
05/02/2020,181000.0,1340,1,236,,,,MARSONNAS
03/02/2020,1984.0,1340,1,130,,,,BRESSE VALLONS
24/01/2020,40604.0,1310,1,375,,,,SAINT-MARTIN-LE-CHATEL
24/01/2020,40604.0,1310,1,375,,,,SAINT-MARTIN-LE-CHATEL
04/02/2020,191550.0,1340,1,266,1,89,4,MONTREVEL-EN-BRESSE
04/02/2020,191550.0,1340,1,266,1,89,4,MONTREVEL-EN-BRESSE
20/01/2020,3876.0,1310,1,115,,,,CONFRANCON
20/01/2020,66000.0,1000,1,53,2,41,2,BOURG-EN-BRESSE
20/01/2020,66000.0,1000,1,53,3,0,0,BOURG-EN-BRESSE
10/02/2020,80400.0,1000,1,53,2,67,3,BOURG-EN-BRESSE
30/01/2020,191500.0,1160,1,304,1,96,4,PONT-D AIN
17/01/2020,8000.0,1000,1,53,3,0,0,BOURG-EN-BRESSE
14/02/2020,796.8,1250,1,422,,,,TOSSIAT
14/02/2020,796.8,1250,1,422,,,,TOSSIAT
03/02/2020,80000.0,1000,1,53,2,48,2,BOURG-EN-BRESSE
31/01/2020,6000.0,1000,1,53,,,,BOURG-EN-BRESSE
31/01/2020,206650.0,1960,1,336,1,137,6,SAINT-ANDRE-SUR-VIEUX-JONC
31/01/2020,206650.0,1960,1,336,,,,SAINT-ANDRE-SUR-VIEUX-JONC
31/01/2020,206650.0,1960,1,336,,,,SAINT-ANDRE-SUR-VIEUX-JONC
22/01/2020,141150.0,1250,1,408,1,100,3,SIMANDRE-SUR-SURAN
27/01/2020,65000.0,1250,1,408,1,80,4,SIMANDRE-SUR-SURAN
27/01/2020,65000.0,1250,1,408,,,,SIMANDRE-SUR-SURAN
27/01/2020,65000.0,1250,1,408,,,,SIMANDRE-SUR-SURAN
27/01/2020,65000.0,1250,1,408,,,,SIMANDRE-SUR-SURAN
11/02/2020,99000.0,1340,1,24,,,,ATTIGNAT
14/02/2020,1600.0,1250,1,197,,,,JOURNANS
14/02/2020,1600.0,1250,1,197,,,,JOURNANS
10/02/2020,80000.0,1370,1,350,3,0,0,SAINT-ETIENNE-DU-BOIS
10/02/2020,80000.0,1370,1,350,2,50,2,SAINT-ETIENNE-DU-BOIS
10/02/2020,80000.0,1370,1,350,,,,SAINT-ETIENNE-DU-BOIS
31/01/2020,70000.0,1370,1,426,1,200,5,VAL-REVERMONT
31/01/2020,70000.0,1370,1,426,,,,VAL-REVERMONT
06/02/2020,55000.0,1000,1,53,3,0,0,BOURG-EN-BRESSE
06/02/2020,55000.0,1000,1,53,4,192,0,BOURG-EN-BRESSE
13/02/2020,67000.0,1440,1,451,,,,VIRIAT
11/02/2020,198000.0,1340,1,236,,,,MARSONNAS
11/02/2020,198000.0,1340,1,236,1,165,5,MARSONNAS
11/02/2020,85000.0,1310,1,385,,,,SAINT-REMY
13/02/2020,202500.0,1290,1,179,1,84,4,GRIEGES
06/02/2020,1973.0,1560,1,212,,,,LESCHEROUX
06/02/2020,1973.0,1560,1,212,,,,LESCHEROUX
04/02/2020,59000.0,1380,1,332,,,,SAINT-ANDRE-DE-BAGE
04/02/2020,59000.0,1380,1,332,,,,SAINT-ANDRE-DE-BAGE
27/01/2020,55000.0,1270,1,445,,,,VILLEMOTIER
27/01/2020,55000.0,1270,1,445,,,,VILLEMOTIER
13/02/2020,140000.0,1560,1,380,,,,SAINT-NIZIER-LE-BOUCHOUX
13/02/2020,140000.0,1560,1,380,,,,SAINT-NIZIER-LE-BOUCHOUX
13/02/2020,140000.0,1560,1,380,1,74,1,SAINT-NIZIER-LE-BOUCHOUX
13/02/2020,140000.0,1560,1,380,,,,SAINT-NIZIER-LE-BOUCHOUX
13/02/2020,140000.0,1560,1,380,,,,SAINT-NIZIER-LE-BOUCHOUX
13/02/2020,140000.0,1560,1,380,,,,SAINT-NIZIER-LE-BOUCHOUX
17/02/2020,122000.0,1190,1,94,,,,CHAVANNES-SUR-REYSSOUZE
17/02/2020,122000.0,1190,1,94,1,100,7,CHAVANNES-SUR-REYSSOUZE
31/01/2020,74000.0,1250,1,125,,,,CORVEISSIAT
31/01/2020,74000.0,1250,1,125,1,80,4,CORVEISSIAT
06/02/2020,110000.0,1250,1,408,3,0,0,SIMANDRE-SUR-SURAN
06/02/2020,110000.0,1250,1,408,1,124,4,SIMANDRE-SUR-SURAN
06/02/2020,110000.0,1250,1,408,,,,SIMANDRE-SUR-SURAN
31/01/2020,384837.0,1160,1,430,,,,VARAMBON
31/01/2020,384837.0,1160,1,430,,,,VARAMBON
31/01/2020,384837.0,1160,1,430,,,,VARAMBON
31/01/2020,384837.0,1160,1,430,,,,VARAMBON
31/01/2020,384837.0,1160,1,430,,,,VARAMBON
31/01/2020,384837.0,1160,1,430,1,170,5,VARAMBON
13/02/2020,103973.0,1560,1,433,1,90,4,VERNOUX
13/02/2020,103973.0,1560,1,433,,,,VERNOUX
12/02/2020,175000.0,1290,1,203,1,114,7,LAIZ
12/02/2020,175000.0,1290,1,203,1,114,7,LAIZ
29/01/2020,290000.0,1290,1,42,,,,BEY
29/01/2020,290000.0,1290,1,42,,,,BEY
29/01/2020,290000.0,1290,1,42,,,,BEY
29/01/2020,290000.0,1290,1,42,1,124,3,BEY
25/01/2020,110000.0,1000,1,53,2,101,4,BOURG-EN-BRESSE
13/02/2020,90000.0,1570,1,231,1,80,4,MANZIAT
06/02/2020,85000.0,1250,1,184,,,,HAUTECOURT-ROMANECHE
06/02/2020,85000.0,1250,1,184,1,80,5,HAUTECOURT-ROMANECHE
04/02/2020,65000.0,1340,1,130,,,,BRESSE VALLONS
04/02/2020,65000.0,1340,1,130,,,,BRESSE VALLONS
04/02/2020,65000.0,1340,1,130,,,,BRESSE VALLONS
04/02/2020,65000.0,1340,1,130,,,,BRESSE VALLONS
04/02/2020,65000.0,1340,1,130,,,,BRESSE VALLONS
04/02/2020,65000.0,1340,1,130,,,,BRESSE VALLONS
04/02/2020,65000.0,1340,1,130,,,,BRESSE VALLONS
04/02/2020,65000.0,1340,1,130,,,,BRESSE VALLONS
29/01/2020,55000.0,1560,1,139,,,,CURCIAT-DONGALON
29/01/2020,55000.0,1560,1,139,,,,CURCIAT-DONGALON
29/01/2020,55000.0,1560,1,139,,,,CURCIAT-DONGALON
29/01/2020,55000.0,1560,1,139,,,,CURCIAT-DONGALON
29/01/2020,55000.0,1560,1,139,1,87,3,CURCIAT-DONGALON
06/02/2020,366600.0,1960,1,289,3,0,0,PERONNAS
06/02/2020,366600.0,1960,1,289,1,130,7,PERONNAS
03/02/2020,2000.0,1270,1,108,1,45,2,COLIGNY
10/02/2020,109250.0,1000,1,53,2,84,4,BOURG-EN-BRESSE
10/02/2020,109250.0,1000,1,53,3,0,0,BOURG-EN-BRESSE
11/02/2020,74000.0,1250,1,254,,,,MONTAGNAT
27/01/2020,151677.0,1340,1,266,3,0,0,MONTREVEL-EN-BRESSE
27/01/2020,151677.0,1340,1,266,2,65,3,MONTREVEL-EN-BRESSE
22/01/2020,149000.0,1000,1,53,1,86,4,BOURG-EN-BRESSE
12/02/2020,218450.0,1960,1,289,,,,PERONNAS
12/02/2020,218450.0,1960,1,289,1,138,6,PERONNAS
07/02/2020,240000.0,1250,1,72,,,,CEYZERIAT
07/02/2020,240000.0,1250,1,72,1,110,4,CEYZERIAT
14/02/2020,257390.0,1310,1,259,,,,MONTCET
14/02/2020,257390.0,1310,1,259,1,150,4,MONTCET
14/02/2020,257390.0,1310,1,259,,,,MONTCET
14/02/2020,50000.0,1310,1,259,,,,MONTCET
30/01/2020,85000.0,1000,1,53,2,57,2,BOURG-EN-BRESSE
30/01/2020,85000.0,1000,1,53,3,0,0,BOURG-EN-BRESSE
07/02/2020,218550.0,1310,1,259,1,98,4,MONTCET
17/01/2020,200000.0,1570,1,159,,,,FEILLENS
17/01/2020,200000.0,1570,1,159,,,,FEILLENS
17/01/2020,200000.0,1570,1,159,,,,FEILLENS
17/01/2020,200000.0,1570,1,159,,,,FEILLENS
07/02/2020,7500.0,1290,1,179,,,,GRIEGES
07/02/2020,7500.0,1290,1,179,,,,GRIEGES
07/02/2020,7500.0,1290,1,179,,,,GRIEGES
24/01/2020,108000.0,1250,1,72,1,98,4,CEYZERIAT
04/02/2020,5160.0,1290,1,123,,,,CORMORANCHE-SUR-SAONE
30/01/2020,208000.0,1290,1,203,4,1630,0,LAIZ
10/02/2020,170000.0,1750,1,320,1,87,5,REPLONGES
10/02/2020,170000.0,1750,1,320,1,87,5,REPLONGES
10/02/2020,52870.0,1290,1,179,,,,GRIEGES
27/01/2020,151677.0,1340,1,266,2,65,3,MONTREVEL-EN-BRESSE
27/01/2020,151677.0,1340,1,266,3,0,0,MONTREVEL-EN-BRESSE
03/02/2020,,1270,1,108,,,,COLIGNY
07/02/2020,55000.0,1440,1,451,2,29,1,VIRIAT
06/02/2020,25000.0,1240,1,211,,,,LENT
14/02/2020,240000.0,1370,1,350,1,120,5,SAINT-ETIENNE-DU-BOIS
14/02/2020,240000.0,1370,1,350,1,120,5,SAINT-ETIENNE-DU-BOIS
14/02/2020,240000.0,1370,1,350,,,,SAINT-ETIENNE-DU-BOIS
31/01/2020,7000.0,1290,1,306,3,0,0,PONT-DE-VEYLE
24/01/2020,150000.0,1000,1,53,2,104,5,BOURG-EN-BRESSE
06/02/2020,189000.0,1000,1,53,2,125,3,BOURG-EN-BRESSE
01/02/2020,45000.0,1370,1,127,,,,COURMANGOUX
01/02/2020,45000.0,1370,1,127,,,,COURMANGOUX
01/02/2020,45000.0,1370,1,127,,,,COURMANGOUX
01/02/2020,45000.0,1370,1,127,,,,COURMANGOUX
01/02/2020,45000.0,1370,1,127,,,,COURMANGOUX
01/02/2020,45000.0,1370,1,127,,,,COURMANGOUX
31/01/2020,75000.0,1000,1,53,2,63,3,BOURG-EN-BRESSE
31/01/2020,75000.0,1000,1,53,3,0,0,BOURG-EN-BRESSE
28/01/2020,50000.0,1310,1,264,,,,MONTRACOL
08/02/2020,25.0,1270,1,432,,,,VERJON
06/02/2020,171500.0,1440,1,451,1,92,4,VIRIAT
06/02/2020,171500.0,1440,1,451,1,92,4,VIRIAT
31/01/2020,129400.0,1250,1,447,2,65,3,VILLEREVERSURE
31/01/2020,129400.0,1250,1,447,2,69,3,VILLEREVERSURE
31/01/2020,129400.0,1250,1,447,2,69,3,VILLEREVERSURE
04/02/2020,102104.0,1000,1,53,3,0,0,BOURG-EN-BRESSE
04/02/2020,102104.0,1000,1,53,2,41,2,BOURG-EN-BRESSE
07/02/2020,134500.0,1190,1,16,1,98,4,ARBIGNY
07/02/2020,134500.0,1190,1,16,1,98,4,ARBIGNY
07/02/2020,134500.0,1190,1,16,,,,ARBIGNY
07/02/2020,134500.0,1190,1,16,,,,ARBIGNY
07/02/2020,134500.0,1190,1,402,,,,SERMOYER
07/02/2020,134500.0,1190,1,402,,,,SERMOYER
07/02/2020,134500.0,1190,1,402,,,,SERMOYER
07/02/2020,134500.0,1190,1,402,,,,SERMOYER
07/02/2020,134500.0,1190,1,402,4,2069,0,SERMOYER
07/02/2020,134500.0,1190,1,402,,,,SERMOYER
07/02/2020,134500.0,1190,1,402,,,,SERMOYER
07/02/2020,134500.0,1190,1,402,4,275,0,SERMOYER
07/02/2020,134500.0,1190,1,402,,,,SERMOYER
07/02/2020,134500.0,1190,1,402,,,,SERMOYER
07/02/2020,134500.0,1190,1,402,,,,SERMOYER
07/02/2020,134500.0,1190,1,402,,,,SERMOYER
07/02/2020,134500.0,1190,1,402,,,,SERMOYER
13/02/2020,175000.0,1000,1,53,1,77,4,BOURG-EN-BRESSE
24/01/2020,247100.0,1340,1,266,1,180,7,MONTREVEL-EN-BRESSE
24/01/2020,247100.0,1340,1,266,3,0,0,MONTREVEL-EN-BRESSE
19/02/2020,155500.0,1340,1,229,,,,MALAFRETAZ
19/02/2020,155500.0,1340,1,229,2,144,5,MALAFRETAZ
19/02/2020,155500.0,1340,1,229,,,,MALAFRETAZ
17/02/2020,225000.0,1440,1,451,1,90,4,VIRIAT
17/02/2020,225000.0,1440,1,451,,,,VIRIAT
17/02/2020,225000.0,1440,1,451,,,,VIRIAT
17/02/2020,225000.0,1440,1,451,,,,VIRIAT
24/01/2020,95000.0,1250,1,72,,,,CEYZERIAT
03/02/2020,277050.0,1340,1,163,1,101,5,FOISSIAT
10/02/2020,2500.0,1851,1,232,,,,MARBOZ
06/02/2020,94000.0,1000,1,53,3,0,0,BOURG-EN-BRESSE
06/02/2020,94000.0,1000,1,53,2,85,5,BOURG-EN-BRESSE
24/01/2020,50000.0,1340,1,163,1,57,3,FOISSIAT
24/01/2020,50000.0,1340,1,163,,,,FOISSIAT
31/01/2020,16687.0,1250,1,408,,,,SIMANDRE-SUR-SURAN
29/01/2020,65000.0,1440,1,451,,,,VIRIAT
03/02/2020,60000.0,1340,1,346,,,,SAINT-DIDIER-D AUSSIAT
27/01/2020,53500.0,1290,1,134,,,,CROTTET
21/02/2020,80000.0,1960,1,289,,,,PERONNAS
13/02/2020,58000.0,1540,1,291,,,,PERREX
14/02/2020,177000.0,1370,1,426,1,128,4,VAL-REVERMONT
14/02/2020,177000.0,1370,1,426,1,128,4,VAL-REVERMONT
14/02/2020,177000.0,1370,1,426,1,128,4,VAL-REVERMONT
19/02/2020,34000.0,1270,1,108,,,,COLIGNY
19/02/2020,34000.0,1270,1,108,3,0,0,COLIGNY
19/02/2020,34000.0,1270,1,108,1,45,1,COLIGNY
19/02/2020,34000.0,1270,1,108,,,,COLIGNY
19/02/2020,34000.0,1270,1,108,1,86,3,COLIGNY
31/01/2020,122000.0,1190,1,323,1,69,3,REYSSOUZE
31/01/2020,122000.0,1190,1,323,1,86,3,REYSSOUZE
17/02/2020,179840.0,1000,1,53,1,103,4,BOURG-EN-BRESSE
31/01/2020,347000.0,1310,1,301,,,,POLLIAT
31/01/2020,347000.0,1310,1,301,3,0,0,POLLIAT
31/01/2020,347000.0,1310,1,301,1,146,5,POLLIAT
31/01/2020,347000.0,1310,1,301,1,146,5,POLLIAT
31/01/2020,347000.0,1310,1,301,3,0,0,POLLIAT
21/02/2020,80000.0,1290,1,134,,,,CROTTET
21/02/2020,80000.0,1290,1,134,,,,CROTTET
21/02/2020,72000.0,1380,1,25,,,,BAGE-DOMMARTIN
21/02/2020,72000.0,1380,1,25,,,,BAGE-DOMMARTIN
21/02/2020,72000.0,1380,1,25,1,79,4,BAGE-DOMMARTIN
21/02/2020,72000.0,1380,1,25,,,,BAGE-DOMMARTIN
24/02/2020,70000.0,1570,1,159,1,97,4,FEILLENS
11/02/2020,126137.0,1000,1,53,3,0,0,BOURG-EN-BRESSE
11/02/2020,126137.0,1000,1,53,2,45,2,BOURG-EN-BRESSE
18/02/2020,1.0,1440,1,451,,,,VIRIAT
18/02/2020,1.0,1440,1,451,,,,VIRIAT
18/02/2020,1.0,1440,1,451,,,,VIRIAT
21/02/2020,261000.0,1960,1,289,1,110,5,PERONNAS
21/02/2020,261000.0,1960,1,289,3,0,0,PERONNAS
21/02/2020,261000.0,1960,1,289,1,110,5,PERONNAS
21/02/2020,261000.0,1960,1,289,3,0,0,PERONNAS
21/02/2020,138000.0,1000,1,53,2,89,4,BOURG-EN-BRESSE
21/02/2020,138000.0,1000,1,53,3,0,0,BOURG-EN-BRESSE
10/02/2020,125.0,1560,1,367,,,,SAINT-JULIEN-SUR-REYSSOUZE
10/02/2020,125.0,1560,1,367,,,,SAINT-JULIEN-SUR-REYSSOUZE
31/01/2020,318800.0,1000,1,53,1,227,6,BOURG-EN-BRESSE
31/01/2020,318800.0,1000,1,53,,,,BOURG-EN-BRESSE
31/01/2020,318800.0,1000,1,53,,,,BOURG-EN-BRESSE
31/01/2020,318800.0,1000,1,53,,,,BOURG-EN-BRESSE
12/02/2020,18000.0,1250,1,317,,,,RAMASSE
12/02/2020,18000.0,1250,1,317,,,,RAMASSE
12/02/2020,18000.0,1250,1,317,,,,RAMASSE
01/02/2020,75000.0,1000,1,53,2,50,2,BOURG-EN-BRESSE
14/02/2020,153675.0,1160,1,314,1,101,5,PRIAY
29/01/2020,250000.0,1000,1,53,1,166,5,BOURG-EN-BRESSE
14/02/2020,60000.0,1000,1,53,4,145,0,BOURG-EN-BRESSE
17/02/2020,160000.0,1000,1,53,2,24,2,BOURG-EN-BRESSE
17/02/2020,160000.0,1000,1,53,2,40,2,BOURG-EN-BRESSE
17/02/2020,160000.0,1000,1,53,4,39,0,BOURG-EN-BRESSE
18/02/2020,85510.0,1000,1,53,2,47,1,BOURG-EN-BRESSE
20/02/2020,150000.0,1000,1,53,3,0,0,BOURG-EN-BRESSE
20/02/2020,150000.0,1000,1,53,2,50,3,BOURG-EN-BRESSE
20/02/2020,150000.0,1000,1,53,3,0,0,BOURG-EN-BRESSE
21/02/2020,117000.0,1000,1,53,2,77,4,BOURG-EN-BRESSE
21/02/2020,117000.0,1000,1,53,3,0,0,BOURG-EN-BRESSE
19/02/2020,1.0,1290,1,203,,,,LAIZ
21/02/2020,120.0,1250,1,184,,,,HAUTECOURT-ROMANECHE
18/02/2020,1.0,1000,1,344,,,,SAINT-DENIS-LES-BOURG
18/02/2020,1.0,1000,1,344,,,,SAINT-DENIS-LES-BOURG
18/02/2020,1.0,1000,1,344,,,,SAINT-DENIS-LES-BOURG
18/02/2020,1.0,1000,1,344,,,,SAINT-DENIS-LES-BOURG
18/02/2020,1.0,1000,1,344,,,,SAINT-DENIS-LES-BOURG
18/02/2020,1.0,1000,1,344,,,,SAINT-DENIS-LES-BOURG
18/02/2020,1.0,1000,1,344,,,,SAINT-DENIS-LES-BOURG
10/02/2020,2390.0,1560,1,212,,,,LESCHEROUX
10/02/2020,2390.0,1560,1,212,,,,LESCHEROUX
10/02/2020,2390.0,1560,1,212,,,,LESCHEROUX
10/02/2020,2390.0,1560,1,212,,,,LESCHEROUX
10/02/2020,2390.0,1560,1,212,,,,LESCHEROUX
14/02/2020,142344.0,1570,1,159,,,,FEILLENS
14/02/2020,142344.0,1570,1,159,,,,FEILLENS
14/02/2020,142344.0,1570,1,159,,,,FEILLENS
14/02/2020,142344.0,1570,1,159,,,,FEILLENS
14/02/2020,142344.0,1570,1,159,,,,FEILLENS
